hash,nonce,transaction_index,from_address,to_address,value,gas,gas_price,input,receipt_cumulative_gas_used,receipt_gas_used,receipt_contract_address,receipt_root,receipt_status,block_timestamp,block_number,block_hash,max_fee_per_gas,max_priority_fee_per_gas,transaction_type,receipt_effective_gas_price,max_fee_per_blob_gas,blob_versioned_hashes,receipt_blob_gas_price,receipt_blob_gas_used
0xb624677f346a20b21fe48634cbc27cd2c31e8a3bee12ea2713742c367f1e1616,928,5,0xc73fecb394fe584c2e0da06a32e6060be8947d0f,0x3fc91a3afd70395cd496c647d5a6cc9d4b2b7fad,80925690816249168,262687,6206215733,0x3593564c000000000000000000000000000000000000000000000000000000000000006000000000000000000000000000000000000000000000000000000000000000a000000000000000000000000000000000000000000000000000000000664da28700000000000000000000000000000000000000000000000000000000000000040b080604000000000000000000000000000000000000000000000000000000000000000000000000000000000000000000000000000000000000000000000004000000000000000000000000000000000000000000000000000000000000008000000000000000000000000000000000000000000000000000000000000000e00000000000000000000000000000000000000000000000000000000000000200000000000000000000000000000000000000000000000000000000000000028000000000000000000000000000000000000000000000000000000000000000400000000000000000000000000000000000000000000000000000000000000002000000000000000000000000000000000000000000000000011f817cae4e3d5000000000000000000000000000000000000000000000000000000000000001000000000000000000000000000000000000000000000000000000000000000002000000000000000000000000000000000000000000000000011f817cae4e3d5000000000000000000000000000000000000000000000000000049419530abd4d00000000000000000000000000000000000000000000000000000000000000a000000000000000000000000000000000000000000000000000000000000000000000000000000000000000000000000000000000000000000000000000000002000000000000000000000000c02aaa39b223fe8d0a0e5c4f27ead9083c756cc2000000000000000000000000fc4300a29fe18303c4848765d9d3a66e714db37d0000000000000000000000000000000000000000000000000000000000000060000000000000000000000000fc4300a29fe18303c4848765d9d3a66e714db37d000000000000000000000000000000fee13a103a10d593b9ae06b3e05f2e7e1c00000000000000000000000000000000000000000000000000000000000000190000000000000000000000000000000000000000000000000000000000000060000000000000000000000000fc4300a29fe18303c4848765d9d3a66e714db37d00000000000000000000000000000000000000000000000000000000000000010000000000000000000000000000000000000000000000000004912b2e5ab66d,1177568,164629,,,1,2024-05-22 07:42:47.000000 UTC,19924005,0xe11c8b39a3916d6353f5aa85460dd8bf82a092d1539095a526167dfeee4a071b,6354430369.0,1000000.0,2,6206215733,,[],,
0x381b96046a8b4f6efffc867ca85ab03e5933acc06ca07f51e3eeb11e0642375c,2,251,0x7220fbf1e8bade4222b7a09d122d4e2cd0b40128,0x3fc91a3afd70395cd496c647d5a6cc9d4b2b7fad,15000000000000000,254994,6224865081,0x3593564c000000000000000000000000000000000000000000000000000000000000006000000000000000000000000000000000000000000000000000000000000000a000000000000000000000000000000000000000000000000000000000664da41300000000000000000000000000000000000000000000000000000000000000040b000604000000000000000000000000000000000000000000000000000000000000000000000000000000000000000000000000000000000000000000000004000000000000000000000000000000000000000000000000000000000000008000000000000000000000000000000000000000000000000000000000000000e0000000000000000000000000000000000000000000000000000000000000020000000000000000000000000000000000000000000000000000000000000002800000000000000000000000000000000000000000000000000000000000000040000000000000000000000000000000000000000000000000000000000000000200000000000000000000000000000000000000000000000000354a6ba7a180000000000000000000000000000000000000000000000000000000000000000100000000000000000000000000000000000000000000000000000000000000000200000000000000000000000000000000000000000000000000354a6ba7a18000000000000000000000000000000000000000000000033327fde16d2409d8e68a00000000000000000000000000000000000000000000000000000000000000a00000000000000000000000000000000000000000000000000000000000000000000000000000000000000000000000000000000000000000000000000000002bc02aaa39b223fe8d0a0e5c4f27ead9083c756cc20027106982508145454ce325ddbe47a25d4ec3d231193300000000000000000000000000000000000000000000000000000000000000000000000000000000000000000000000000000000600000000000000000000000006982508145454ce325ddbe47a25d4ec3d2311933000000000000000000000000000000fee13a103a10d593b9ae06b3e05f2e7e1c000000000000000000000000000000000000000000000000000000000000001900000000000000000000000000000000000000000000000000000000000000600000000000000000000000006982508145454ce325ddbe47a25d4ec3d23119330000000000000000000000000000000000000000000000000000000000000001000000000000000000000000000000000000000000033327fde16d2409d8e68a,26326289,167845,,,1,2024-05-22 07:42:47.000000 UTC,19924005,0xe11c8b39a3916d6353f5aa85460dd8bf82a092d1539095a526167dfeee4a071b,9192466054.0,19649348.0,2,6224865081,,[],,
0x176cc85cf0cc146050eb18d43efd644712ea48e687a0be26aa37c0dd659b9460,3687,268,0xc42a28cf7e57d2a714e01e0d13c76346ce305e7c,0x71a41517fe65890fe835d67fce17a9747112696c,0,981986,6224865081,0x44ee3c430000000000000000000000003585773e485a2b684e7bc80e11ce6fa6d3d38265000000000000000000000000000000000000000000000000000000000000008000000000000000000000000000000000000000000000000000000000000000e000000000000000000000000000000000000000000000000000000000000000000000000000000000000000000000000000000000000000000000000000000002000000000000000000000000000000000000000000000000000000000000000100000000000000000000000000000000000000000000000000000000000000020000000000000000000000000000000000000000000000000000000000000003000000000000000000000000000000000000000000000000000000000000006000000000000000000000000000000000000000000000000000000000000001a00000000000000000000000000000000000000000000000000000000000000a600000000000000000000000000000000000000000000000000000000000000000000000000000000000000000000000000000000000000000000000000000008000000000000000000000000000000000000000000000000000000000000000c000000000000000000000000000000000000000000000000000000000000001000000000000000000000000000000000000000000000000000000000000000001000000000000000000000000000000000000000000000000000000000000004600000000000000000000000000000000000000000000000000000000000000010000000000000000000000000000000000000000000000000000000000000001000000000000000000000000000000000000000000000000000000000000000100000000000000000000000000000000000000000000000000000000000000000000000000000000000000000000000000000000000000000000000000000001000000000000000000000000000000000000000000000000000000000000008000000000000000000000000000000000000000000000000000000000000003400000000000000000000000000000000000000000000000000000000000000600000000000000000000000000000000000000000000000000000000000000001500000000000000000000000000000000000000000000000000000000000003f600000000000000000000000000000000000000000000000000000000000007c700000000000000000000000000000000000000000000000000000000000008320000000000000000000000000000000000000000000000000000000000000a4b0000000000000000000000000000000000000000000000000000000000000d290000000000000000000000000000000000000000000000000000000000000e95000000000000000000000000000000000000000000000000000000000000130a000000000000000000000000000000000000000000000000000000000000152b000000000000000000000000000000000000000000000000000000000000177a00000000000000000000000000000000000000000000000000000000000017ce0000000000000000000000000000000000000000000000000000000000001ce30000000000000000000000000000000000000000000000000000000000001e4a0000000000000000000000000000000000000000000000000000000000001e4c0000000000000000000000000000000000000000000000000000000000001e4e0000000000000000000000000000000000000000000000000000000000001e500000000000000000000000000000000000000000000000000000000000001f980000000000000000000000000000000000000000000000000000000000001fd00000000000000000000000000000000000000000000000000000000000002008000000000000000000000000000000000000000000000000000000000000210e000000000000000000000000000000000000000000000000000000000000216500000000000000000000000000000000000000000000000000000000000023a2000000000000000000000000000000000000000000000000000000000000001500000000000000000000000000000000000000000000000000000000000000010000000000000000000000000000000000000000000000000000000000000001000000000000000000000000000000000000000000000000000000000000000100000000000000000000000000000000000000000000000000000000000000010000000000000000000000000000000000000000000000000000000000000001000000000000000000000000000000000000000000000000000000000000000100000000000000000000000000000000000000000000000000000000000000010000000000000000000000000000000000000000000000000000000000000001000000000000000000000000000000000000000000000000000000000000000100000000000000000000000000000000000000000000000000000000000000010000000000000000000000000000000000000000000000000000000000000001000000000000000000000000000000000000000000000000000000000000000100000000000000000000000000000000000000000000000000000000000000010000000000000000000000000000000000000000000000000000000000000001000000000000000000000000000000000000000000000000000000000000000100000000000000000000000000000000000000000000000000000000000000010000000000000000000000000000000000000000000000000000000000000001000000000000000000000000000000000000000000000000000000000000000100000000000000000000000000000000000000000000000000000000000000010000000000000000000000000000000000000000000000000000000000000001000000000000000000000000000000000000000000000000000000000000000100000000000000000000000000000000000000000000000000000000000000150000000000000000000000000000000000000000000000000000000000000000000000000000000000000000000000000000000000000000000000000000000000000000000000000000000000000000000000000000000000000000000000000000000000000000000000000000000000000000000000000000000000000000000000000000000000000000000000000000000000000000000000000000000000000000000000000000000000000000000000000000000000000000000000000000000000000000000000000000000000000000000000000000000000000000000000000000000000000000000000000000000000000000000000000000000000000000000000000000000000000000000000000000000000000000000000000000000000000000000000000000000000000000000000000000000000000000000000000000000000000000000000000000000000000000000000000000000000000000000000000000000000000000000000000000000000000000000000000000000000000000000000000000000000000000000000000000000000000000000000000000000000000000000000000000000000000000000000000000000000000000000000000000000000000000000000000000000000000000000000000000000000000000000000000000000000000000000000000000000000000000000000000000000000000000000000000000000000000000000000000000000000000000000000000000000000000000000000000000000000000000000000000000000000000000000000000000000000000000000000000000000000000000000000000000000000000000000000000000000000000000000000000000000000000000000000000000000000000000000000000000000000000000000000000000000000000000000000000000000000000000000000000000000000000002000000000000000000000000000000000000000000000000000000000000008000000000000000000000000000000000000000000000000000000000000004000000000000000000000000000000000000000000000000000000000000000780000000000000000000000000000000000000000000000000000000000000001b00000000000000000000000000000000000000000000000000000000000002cc000000000000000000000000000000000000000000000000000000000000052e00000000000000000000000000000000000000000000000000000000000005d700000000000000000000000000000000000000000000000000000000000007750000000000000000000000000000000000000000000000000000000000000ae40000000000000000000000000000000000000000000000000000000000000b130000000000000000000000000000000000000000000000000000000000000c4b0000000000000000000000000000000000000000000000000000000000000e9c0000000000000000000000000000000000000000000000000000000000000f2b0000000000000000000000000000000000000000000000000000000000000fee0000000000000000000000000000000000000000000000000000000000000ffd00000000000000000000000000000000000000000000000000000000000011cf00000000000000000000000000000000000000000000000000000000000012be000000000000000000000000000000000000000000000000000000000000146b00000000000000000000000000000000000000000000000000000000000014e3000000000000000000000000000000000000000000000000000000000000153e000000000000000000000000000000000000000000000000000000000000154900000000000000000000000000000000000000000000000000000000000015cb00000000000000000000000000000000000000000000000000000000000018910000000000000000000000000000000000000000000000000000000000001944000000000000000000000000000000000000000000000000000000000000198f0000000000000000000000000000000000000000000000000000000000001c4c0000000000000000000000000000000000000000000000000000000000001d250000000000000000000000000000000000000000000000000000000000001f050000000000000000000000000000000000000000000000000000000000001fd3000000000000000000000000000000000000000000000000000000000000211700000000000000000000000000000000000000000000000000000000000022cb000000000000000000000000000000000000000000000000000000000000001b000000000000000000000000000000000000000000000000000000000000000100000000000000000000000000000000000000000000000000000000000000010000000000000000000000000000000000000000000000000000000000000001000000000000000000000000000000000000000000000000000000000000000100000000000000000000000000000000000000000000000000000000000000010000000000000000000000000000000000000000000000000000000000000001000000000000000000000000000000000000000000000000000000000000000100000000000000000000000000000000000000000000000000000000000000010000000000000000000000000000000000000000000000000000000000000001000000000000000000000000000000000000000000000000000000000000000100000000000000000000000000000000000000000000000000000000000000010000000000000000000000000000000000000000000000000000000000000001000000000000000000000000000000000000000000000000000000000000000100000000000000000000000000000000000000000000000000000000000000010000000000000000000000000000000000000000000000000000000000000001000000000000000000000000000000000000000000000000000000000000000100000000000000000000000000000000000000000000000000000000000000010000000000000000000000000000000000000000000000000000000000000001000000000000000000000000000000000000000000000000000000000000000100000000000000000000000000000000000000000000000000000000000000010000000000000000000000000000000000000000000000000000000000000001000000000000000000000000000000000000000000000000000000000000000100000000000000000000000000000000000000000000000000000000000000010000000000000000000000000000000000000000000000000000000000000001000000000000000000000000000000000000000000000000000000000000000100000000000000000000000000000000000000000000000000000000000000010000000000000000000000000000000000000000000000000000000000000001000000000000000000000000000000000000000000000000000000000000001b000000000000000000000000000000000000000000000000000000000000000000000000000000000000000000000000000000000000000000000000000000000000000000000000000000000000000000000000000000000000000000000000000000000000000000000000000000000000000000000000000000000000000000000000000000000000000000000000000000000000000000000000000000000000000000000000000000000000000000000000000000000000000000000000000000000000000000000000000000000000000000000000000000000000000000000000000000000000000000000000000000000000000000000000000000000000000000000000000000000000000000000000000000000000000000000000000000000000000000000000000000000000000000000000000000000000000000000000000000000000000000000000000000000000000000000000000000000000000000000000000000000000000000000000000000000000000000000000000000000000000000000000000000000000000000000000000000000000000000000000000000000000000000000000000000000000000000000000000000000000000000000000000000000000000000000000000000000000000000000000000000000000000000000000000000000000000000000000000000000000000000000000000000000000000000000000000000000000000000000000000000000000000000000000000000000000000000000000000000000000000000000000000000000000000000000000000000000000000000000000000000000000000000000000000000000000000000000000000000000000000000000000000000000000000000000000000000000000000000000000000000000000000000000000000000000000000000000000000000000000000000000000000000000000000000000000000000000000000000000000000000000000000000000000000000000000000000000000000000000000000000000000000000000000000000000000000000000000000000000000000000000000000000000000000000000000000000000000000000000000000000000000000000000000000000000000000000000000000000000000000000000000000000000000000000000000000000000000,28395140,943872,,,1,2024-05-22 07:42:47.000000 UTC,19924005,0xe11c8b39a3916d6353f5aa85460dd8bf82a092d1539095a526167dfeee4a071b,9488802883.0,19649348.0,2,6224865081,,[],,
0x530aed4e79d9349b4bb983cf3c9d7b347704ff976f0350394d0a3dbedbf3087b,1,233,0x7de41e6668d98f645e860d8dd49ee401c5179c19,0xe80820861919e6ccc335c7f7607168691a6bd694,35543214031562405,21000,6224865081,0x,24162834,21000,,,1,2024-05-22 07:42:47.000000 UTC,19924005,0xe11c8b39a3916d6353f5aa85460dd8bf82a092d1539095a526167dfeee4a071b,9940380684.0,19649348.0,2,6224865081,,[],,
0xdd7f6e52f48c41dd3602d5fc0a7924bfe1480c4ed4f22de217daf3c2972d887d,6,270,0x6b3ce047df08f7c309a83696b6094ca12d57a153,0x462c1dc99a505d35230710bee9849f373dacb57a,3740000000000000,21000,6224865081,0x,28437140,21000,,,1,2024-05-22 07:42:47.000000 UTC,19924005,0xe11c8b39a3916d6353f5aa85460dd8bf82a092d1539095a526167dfeee4a071b,9192466054.0,19649348.0,2,6224865081,,[],,
0xfe3505f25efe9ca29a44cfa4dae8f825c802894fcf99d2140e972317d8a14247,259,277,0x67c8d1ac7b6f93b1f69a4fc7f1d2be879690449f,0x25647c95fc456ff4453e035c5c02b9686efd1213,1000000000000000000,21000,6224865081,0x,29420721,21000,,,1,2024-05-22 07:42:47.000000 UTC,19924005,0xe11c8b39a3916d6353f5aa85460dd8bf82a092d1539095a526167dfeee4a071b,9488802883.0,19649348.0,2,6224865081,,[],,
0xd4957bd063777d5a9ae361a1e7f340ce5d8cc119a8c13d3c21dd68b46d13929d,1271,255,0xfb4334a5704e29df37efc9f16255759670018d9a,0xdb0069a0ec39806ab2ca8836972376cf21122904,0,106089,6224865081,0xa5902fac0000000000000000000000000000000000000000000000000000000000000001000000000000000000000000fb4334a5704e29df37efc9f16255759670018d9a,26671115,105089,,,1,2024-05-22 07:42:47.000000 UTC,19924005,0xe11c8b39a3916d6353f5aa85460dd8bf82a092d1539095a526167dfeee4a071b,9940380684.0,19649348.0,2,6224865081,,[],,
0xfc723a2902009e2a7e9271e3bb13497f2e842c29bbbf0398b43eeaa14f8fa651,4,227,0xbd5e13930bfe0ccc23d02042539d4489f6da049a,0x881d40237659c251811cec9c364ef91dc08d300c,50000000000000000,230803,6225067652,0x5f5755290000000000000000000000000000000000000000000000000000000000000080000000000000000000000000000000000000000000000000000000000000000000000000000000000000000000000000000000000000000000b1a2bc2ec5000000000000000000000000000000000000000000000000000000000000000000c000000000000000000000000000000000000000000000000000000000000000136f6e65496e6368563546656544796e616d69630000000000000000000000000000000000000000000000000000000000000000000000000000000000000001e00000000000000000000000000000000000000000000000000000000000000000000000000000000000000000dac17f958d2ee523a2206206994597c13d831ec700000000000000000000000000000000000000000000000000b014d4c6ae2800000000000000000000000000000000000000000000000000000000000adc5216000000000000000000000000000000000000000000000000000000000000012000000000000000000000000000000000000000000000000000018de76816d800000000000000000000000000f326e4de8f66a0bdc0970b79e0924e33c79f1915000000000000000000000000000000000000000000000000000000000000000000000000000000000000000000000000000000000000000000000000000000a8e449022e00000000000000000000000000000000000000000000000000b014d4c6ae2800000000000000000000000000000000000000000000000000000000000adc521600000000000000000000000000000000000000000000000000000000000000600000000000000000000000000000000000000000000000000000000000000001400000000000000000000000c7bbec68d12a0d1830360f8ec58fa599ba1b0e9b7dcbea7c00000000000000000000000000000000000000000000000000df,23437224,188460,,,1,2024-05-22 07:42:47.000000 UTC,19924005,0xe11c8b39a3916d6353f5aa85460dd8bf82a092d1539095a526167dfeee4a071b,12512624712.0,19851919.0,2,6225067652,,[],,
0xe5708d1a499254d0cbe314c77b5341394d850a82013e10008274800d1928b321,19,211,0xf6e8e21aedd5ac88ad3bc126771112963102d13e,0x2b3f201543adf73160ba42e1a5b7750024f30420,500000000000000,691057,6225472793,0xe11013dd000000000000000000000000f6e8e21aedd5ac88ad3bc126771112963102d13e0000000000000000000000000000000000000000000000000000000000030d400000000000000000000000000000000000000000000000000000000000000060000000000000000000000000000000000000000000000000000000000000000b7375706572627269646765000000000000000000000000000000000000000000,22204790,176393,,,1,2024-05-22 07:42:47.000000 UTC,19924005,0xe11c8b39a3916d6353f5aa85460dd8bf82a092d1539095a526167dfeee4a071b,6562412952.0,20257060.0,2,6225472793,,[],,
0x04b60c62bb85e48a6a167c92a832f68aa61437ebe36dfc5fcd8c6cc391e3dd2e,6,166,0x97f9f374387d23cb777935cb699a42b6d52a4cff,0xb741594b0825ab3bb4a074971e18a84528d282f5,9100000000000000,21000,6425215733,0x,13066984,21000,,,1,2024-05-22 07:42:47.000000 UTC,19924005,0xe11c8b39a3916d6353f5aa85460dd8bf82a092d1539095a526167dfeee4a071b,10090000000.0,220000000.0,2,6425215733,,[],,
0xec9a1f1cbd6f29be02abe166bebe55699d32169531b5e3004fab1d4c8c82c88c,1407,157,0xb74091a5c0073f64f7b5246fd73715b9730581f6,0x3fc91a3afd70395cd496c647d5a6cc9d4b2b7fad,0,356928,6505215733,0x3593564c000000000000000000000000000000000000000000000000000000000000006000000000000000000000000000000000000000000000000000000000000000a000000000000000000000000000000000000000000000000000000000664da42b00000000000000000000000000000000000000000000000000000000000000040a08060c00000000000000000000000000000000000000000000000000000000000000000000000000000000000000000000000000000000000000000000000400000000000000000000000000000000000000000000000000000000000000800000000000000000000000000000000000000000000000000000000000000200000000000000000000000000000000000000000000000000000000000000032000000000000000000000000000000000000000000000000000000000000003a00000000000000000000000000000000000000000000000000000000000000160000000000000000000000000d0f5314c3fe4ac370050dbdbe24464e62970f166000000000000000000000000ffffffffffffffffffffffffffffffffffffffff0000000000000000000000000000000000000000000000000000000066752ed900000000000000000000000000000000000000000000000000000000000000000000000000000000000000003fc91a3afd70395cd496c647d5a6cc9d4b2b7fad00000000000000000000000000000000000000000000000000000000664da8e100000000000000000000000000000000000000000000000000000000000000e0000000000000000000000000000000000000000000000000000000000000004121f5e795908e801467c5c8a7b3af2427bfb9cd699c43ffa15302fd3746e2916234f5ca41d81dc41e1f40653eba3d51c3bc39abc97c8af5e45c05f38eade130491c0000000000000000000000000000000000000000000000000000000000000000000000000000000000000000000000000000000000000000000000000001000000000000000000000000000000000000000000000000000000000000000002000000000000000000000000000000000000000000000001cde31f0c91e26a5800000000000000000000000000000000000000000000000001536870ff08031a00000000000000000000000000000000000000000000000000000000000000a000000000000000000000000000000000000000000000000000000000000000010000000000000000000000000000000000000000000000000000000000000002000000000000000000000000d0f5314c3fe4ac370050dbdbe24464e62970f166000000000000000000000000c02aaa39b223fe8d0a0e5c4f27ead9083c756cc20000000000000000000000000000000000000000000000000000000000000060000000000000000000000000c02aaa39b223fe8d0a0e5c4f27ead9083c756cc2000000000000000000000000000000fee13a103a10d593b9ae06b3e05f2e7e1c00000000000000000000000000000000000000000000000000000000000000190000000000000000000000000000000000000000000000000000000000000040000000000000000000000000000000000000000000000000000000000000000100000000000000000000000000000000000000000000000001528f3864cb312c,12448465,193456,,,1,2024-05-22 07:42:47.000000 UTC,19924005,0xe11c8b39a3916d6353f5aa85460dd8bf82a092d1539095a526167dfeee4a071b,12000000000.0,300000000.0,2,6505215733,,[],,
0xa67b2f13c4bc540ca7d3695c73239291e40ca1139b1b70cc93111e410629b6b2,2,140,0x0d88fc28896b331e8a424ed166350b4a82a40177,0xf047ab4c75cebf0eb9ed34ae2c186f3611aeafa6,0,126973,6705215733,0xb3db428b000000000000000000000000d9a442856c234a39a81a089c06451ebaa4306a720000000000000000000000000d88fc28896b331e8a424ed166350b4a82a40177000000000000000000000000000000000000000000000000018a756c55a5d73f,11041278,74694,,,1,2024-05-22 07:42:47.000000 UTC,19924005,0xe11c8b39a3916d6353f5aa85460dd8bf82a092d1539095a526167dfeee4a071b,10166000000.0,500000000.0,2,6705215733,,[],,
0xae4057729408ae5e9bbe179aced812997be3ccdf5db8117ca65a10ac4615b59a,1,113,0xa65f71f468833b91aeeebb1c2cbe5b64fe1a930f,0xf1165a51826633c6d95a17785e17125babd22a99,500000000000000000,21000,7000000000,0x,9067008,21000,,,1,2024-05-22 07:42:47.000000 UTC,19924005,0xe11c8b39a3916d6353f5aa85460dd8bf82a092d1539095a526167dfeee4a071b,,,0,7000000000,,[],,
0x37d95352253a1902fc24c4998b3e9c8a3641d91b64a3790941cf93063c107caa,608136,169,0x4c9af439b1a6761b8e549d8d226a468a6b2803a8,0x7fc16e25466f646f3f24ae3dcd4510f314f57e99,28359000000000000,21000,7191027930,0x,13139149,21000,,,1,2024-05-22 07:42:47.000000 UTC,19924005,0xe11c8b39a3916d6353f5aa85460dd8bf82a092d1539095a526167dfeee4a071b,10277166457.0,985812197.0,2,7191027930,,[],,
0x2762925e7041a41769a44a4b0c69c5dbd48b80430322a935828678f408b52d71,2573664,78,0x974caa59e49682cda0ad2bbe82983419a2ecc400,0x86c0c9a7cb2a29697077017c3eba4233729c9076,480960000000000000,105000,7358689878,0x,7690288,21000,,,1,2024-05-22 07:42:47.000000 UTC,19924005,0xe11c8b39a3916d6353f5aa85460dd8bf82a092d1539095a526167dfeee4a071b,,,0,7358689878,,[],,
